{
  "detection": {
    "X": {
      "total": 1,
      "detected": 1,
      "recall": 1.0
    }
  },
  "forecast": {
    "tpr": 0.044444444444444446,
    "far": 0.978494623655914,
    "roc_auc": 0.7842427798422322,
    "best_threshold": 0.05,
    "threshold": 0.05,
    "precision": 0.021505376344086023,
    "f1": 0.028985507246376812,
    "true_positives": 4,
    "false_positives": 182,
    "false_negatives": 86,
    "true_negatives": 10044,
    "lead_time_minutes": {
      "median": 0.0,
      "mean": 0.0,
      "min": 0.0,
      "max": 0.0
    }
  }
}